Data,Temperatura,TempSuperficie,RadiacaoSolarLiquida,RadiacaoTermicaLiq,FluxoCalorSensivel,FluxoCalorLatente,TempOrvalho,VentoU_LesteOeste,VentoV_NorteSul,PressaoSuperficial,VelocVento,UmidadeRelativa,PrecipTotal
2009-12-01,23.39444714797054,22.6862069704644,0,0.8707371360392832,18.420358545619816,-56.53183710463357,21.67398339647913,1.6520632022765809,1.7510846926758574,997.5581936575041,8.666666666666666,90.0728655265528,3.310767122014314
2010-01-01,27.710703848700643,28.400204133987973,229.91301608824716,-47.46445930207744,-23.426626650764877,-154.84776741166812,23.288059575649935,-0.2221354294328452,1.550162051345233,999.768825462575,9.724383960573476,78.22311198390288,126.72234746321683
2010-02-01,28.191593274334817,29.157642085955683,230.85782368713697,-56.055056110893325,-31.914370501454123,-142.82084161891527,21.81737821571914,-0.6339790909416665,1.5834993651139815,1000.3380946712165,9.75094935417575,70.70707749889121,82.3170629091762
2010-03-01,26.166852909019273,26.682391884368442,182.61719124549333,-40.98126343275708,-19.29489838916629,-121.41242988008615,22.604070046865836,-0.22806043168523638,1.6232887265325648,999.9919312160612,9.49559811827957,81.88129601906554,158.14922522513086
2010-04-01,23.464729938377477,23.632047101640318,154.1318398302383,-44.561539067813335,-13.404681375695063,-101.77718966371079,20.108493064887806,0.22737655339442342,1.1403157119706293,1003.5719092428882,9.199611021951032,82.5603852956924,194.259306452602
2010-05-01,21.558888438896304,21.395522663001383,129.1931416403153,-48.24308103551499,-9.447390455511828,-76.62576411821267,18.280419237741388,0.2460214338854647,1.1739533537255575,1003.6224827251243,7.997547043010753,82.68574693212011,48.74947126535862
2010-06-01,19.23604126097483,18.560545077856514,124.44746495391377,-57.11379529904108,-8.320899003539822,-63.70083391741545,15.673308201389805,-0.38707679946249657,1.011349371578455,1008.2020298733116,7.948171296296296,81.02781087836695,43.12872411278483
2010-07-01,20.520388082236497,20.28211590079102,128.19229868508967,-54.97983836362954,-8.402117992672917,-65.39310845469099,17.08526393053024,-0.7564121496048436,1.2744027915200054,1008.5716558298766,8.713485663082437,82.03558296178451,54.58948107341169
2010-08-01,20.098609606260634,19.953951896569933,161.7673767945247,-61.48412567201159,-18.688180977095367,-81.77481413625353,15.19128851498417,-0.06609072671660794,1.3464196373257653,1007.9727452908106,9.825739247311828,75.48128012797514,30.580847706445176
2010-09-01,21.84393727382037,22.348449347725452,168.07040520048471,-54.91425266345209,-27.167153086575137,-84.35934184495278,16.998141466169795,-0.7023214415667711,1.6100074401982418,1004.8151593253616,10.285381944444445,76.09353532093895,77.38233772465757
2010-10-01,21.87523773634612,22.582950838925623,182.19332953315296,-44.28956604791378,-31.66477772753036,-104.81587507490063,17.568175736662166,0.0682598279549991,1.9153117611175146,1002.1325254186065,11.26573575594437,77.69740890702303,84.52164367320691
2010-11-01,23.478062136632218,24.237955445788742,183.59738472093636,-38.78503967828148,-26.88429372301024,-114.34014120951753,20.021977404786956,-0.7596841402215865,1.6830756992533242,999.3680340798719,10.22859319732981,81.95107706541594,139.2366727323011
2010-12-01,25.652415015567527,26.401547513059604,190.29411946455204,-36.07651706029535,-26.026165856887808,-126.8934803187188,22.531614069977852,-0.2956108678497523,1.8317455887327783,996.7740363627798,10.817977150537635,83.69124943640283,189.71370171603616
2011-01-01,26.546519649207944,27.163798111183937,209.00937750067524,-45.87721873799873,-21.15859708559956,-136.72868377170988,22.665507015558962,-0.914525451071256,1.400538868940112,997.8670674811581,9.534307795698926,80.58574336232569,149.88957554434936
2011-02-01,27.549774939527182,28.988091626369922,238.1841115329793,-58.35182486278189,-46.78219920802144,-131.5198151873832,21.699370510545556,-0.9289685448212068,2.0208784632879415,999.5617040126821,11.147808320950967,72.47386701702732,80.04377142068014
2011-03-01,24.409999480473115,24.867592701787032,145.92365479128478,-31.78313662687703,-17.132442362300296,-99.27364492957153,21.733534940395717,-0.4504210161427736,1.8685147885516387,1000.6134360210202,9.147827060931899,85.58071316699572,239.8230055152526
2011-04-01,24.23180264210135,24.664945485060077,164.7711879551672,-46.723074491425564,-17.969598165141104,-102.12420806299309,20.994175855922734,-0.5449117646190291,1.3480849688531338,1002.8664087647822,8.474337866215304,83.09738006935582,116.46529414188163
2011-05-01,20.751198554645317,20.591856157378594,131.1408263859166,-48.28520500211645,-11.13177834873864,-79.06325240824157,17.333837497729427,0.1434282713141087,1.0697954174982618,1005.455828225732,7.58883288530466,81.73204048865506,77.81727481548138
2011-06-01,19.30933341073633,18.886131026369984,122.28372176945565,-53.38826559982692,-8.326178389431792,-63.53125158607771,15.784762624425147,-0.03101639834864438,1.0780562705660164,1006.0825746759896,7.8027546296296295,81.20886567154393,36.430817720470145
2011-07-01,19.67378466160187,19.27096608828166,133.62638322993192,-57.177957249156464,-12.513348628887032,-64.91614909553334,15.793393630945898,-0.20092860812252664,1.2298389134053367,1006.5460052356799,8.249702223431646,79.88648505768425,25.561273958094343
2011-08-01,21.033769501837615,21.043332454063055,154.75116969573133,-55.56887049095711,-21.041058490577935,-77.57002861092303,16.602193278360012,-0.06865846922937235,1.7245389325527232,1005.5059257986965,9.815075454178576,77.81886964587667,46.30337157473959
2011-09-01,20.56936390016905,21.36951011875609,185.4878481330454,-62.271658123277355,-38.71189552571465,-83.59901044704493,15.201955043155404,-0.26473014162404895,1.9383793632839168,1007.6883582705351,10.9875982624526,73.23058916586997,31.01398618885232
2011-10-01,22.892747894184065,23.87678044444093,186.20268971333883,-47.44978334383558,-40.53563832117624,-96.49221706315966,18.216626488486224,-0.398010102141364,1.8426001548662854,1001.9031738957376,10.490126564283083,76.60936703137266,91.91727531953404
2011-11-01,22.348725480455,23.33560419305888,194.01854021213654,-50.5131283188202,-39.38275508856583,-102.07055918311637,17.720844935970273,-0.8053269769303965,1.6394334068281764,1002.0117952044843,9.889074074074074,76.56913403010053,134.52669376761008
2011-12-01,24.35215150045383,24.96755545540297,189.41310598574378,-42.42470226322295,-25.656296923610252,-119.30426300896895,20.66733567669591,-0.5171685106310402,1.5108543617767054,999.2834581777971,9.620766129032258,81.0298911678415,157.6448757691647
2012-01-01,24.79418281813923,25.476464813232976,198.1911034575129,-43.79135464152901,-24.819371199616445,-128.14916797928217,21.065260822642603,-0.48613200122501965,1.2599088467786086,1000.524401370661,8.93788082437276,81.12928029789853,227.1280546132811
2012-02-01,26.57877943529025,27.469223550662385,245.10459093166483,-59.267531524661656,-32.552860864701415,-147.66295686531458,21.308146596615476,-1.1447365189773189,1.3433956386586647,1000.6440918053837,9.279232424677188,74.74910544419755,32.62975946915948
2012-03-01,25.567785376542115,26.667781016248675,195.15280232185575,-50.91670705153769,-38.88787289207353,-106.6197766042558,20.8264399505141,-0.3996922487852282,1.7167570544989939,1001.9292875124485,9.597908689010685,76.95169206300211,109.85605425408139
2012-04-01,24.09766287553167,24.566671547015098,151.5129496916894,-42.83313590035702,-19.13202580466037,-92.0416179760778,20.78161151857041,-0.2601794193889932,1.3157611378507426,1002.1310737128584,8.369027777777777,82.65120507220499,92.93124690934545
2012-05-01,20.973223456359044,20.9302107000084,126.39482463910262,-46.19040761918605,-12.521095351999076,-71.25315364050348,17.71678150015669,-0.4492580505594666,1.0023631229536196,1006.4144374098013,7.414594534050179,82.64419896120529,92.49183611412423
2012-06-01,21.46867611830942,21.160654804375692,111.07585938108892,-43.84619044498587,-6.9743711518125,-62.87415304878209,18.500432668650507,-0.11873188662258115,1.0755822304642417,1005.954584857345,7.669936385913397,84.17971493838924,76.3480013614397
2012-07-01,20.515120727132636,20.00953318749342,128.76775732284753,-55.717990958450045,-9.837160548304697,-65.23840239570583,16.59002133419257,0.00888126029559203,1.0406055486099623,1006.5256761928881,7.677979390681004,79.80652664326065,28.43577943273468
2012-08-01,20.62909431405997,21.180473941032464,166.89234572256893,-66.42815711738427,-28.946107192852832,-72.37190421943974,16.064521954228308,-1.061580672798534,1.1156981326350615,1010.5618433218328,9.256966845878136,76.80235264389898,21.919999571306484
2012-09-01,22.44254447165645,23.396915695651035,184.62855216245998,-62.906635990645725,-43.93569576047067,-77.65923657802972,16.12696774023905,-0.39743100323233926,1.6296118378916162,1006.0641765162551,10.106956018518519,70.14713510547543,46.369886996420625
2012-10-01,24.64352013051631,26.262055726032244,228.19328422773424,-63.23250193116389,-62.003577566473375,-93.43326976273754,18.339088447618348,-0.6551442745001372,1.8397236702702569,1002.1236194175228,10.817693969979551,70.48858880457482,34.48861762083268
2012-11-01,23.23572100651921,24.164663120137593,170.83731693979732,-39.27643993148131,-35.54522966477872,-98.54497592743043,19.596603353032936,-0.7825633127560003,1.8044362222038421,1000.8303203323227,10.34925925925926,80.99693080410371,132.45896987503735
2012-12-01,27.79810053315533,29.17255386638065,238.63417342779513,-50.436535479942954,-48.960111665975525,-132.00475891564292,22.292366811020873,-0.7803785403834439,1.5522654856466163,998.6197959863716,11.614796422476456,74.05910823769156,74.82577585833359
2013-01-01,25.27968025595501,25.88330541076985,178.38319889994878,-36.171573184339906,-22.122412696996378,-123.4484126496968,21.535535575849366,-0.3948373189773788,1.5002316270508085,1000.8111477186567,10.657189866715479,80.98443221067433,366.2073141925466
2013-02-01,26.86760811998815,27.609551531557276,213.9452897734629,-46.88604222208686,-26.644461881875053,-137.56832671026194,22.226633376608973,-0.5436085442439765,1.6049538405889339,1000.3584802428785,9.422811989030963,77.398091377508507,96.73291541247454
2013-03-01,25.114133133193217,25.554417616217698,160.47728374895206,-34.612381847520645,-18.02209523685968,-110.19134835257002,21.667668916340205,-0.2472786111842354,1.5050271575620493,1001.8992458287602,9.053895994470414,82.07696527850477,155.9641638222473
2013-04-01,22.781755769937373,23.039481563551632,151.42112612420473,-46.48204622347075,-16.948064378774113,-91.09147108216712,19.042115082961715,-0.3614034243549482,1.366688111527279,1004.0636735989401,8.174788835180417,80.46742026799201,46.81791247524839
2013-05-01,21.56617518104765,21.457419246992135,130.80043806213672,-51.1551304910494,-12.596782380822072,-70.72423202086571,17.521411623979258,-0.10129480312215354,1.261259565156948,1006.6692235606371,7.6937920806754345,79.38426037947382,72.64976619513347
2013-06-01,21.307117145447016,21.09242630417684,111.93463319063247,-43.807056559713565,-9.439732531101448,-60.0419552797263,18.296109736334024,-0.18918801752515066,1.0767346133031346,1007.6735794255113,6.851922670010024,83.93753544742854,68.12819430640965
2013-07-01,19.71982224728088,19.173142477383408,121.41337767826268,-50.27547126148049,-7.467827567839055,-68.95308689257173,16.105928428270335,0.15192835966212678,1.2140491690941255,1010.0339728034158,7.961947252663376,80.83020117918777,97.70632376865696
2013-08-01,20.47426514755367,20.29827750066444,154.56321896477684,-58.631822703166215,-16.78907450051003,-78.65771138844677,16.064587677195966,-0.13747268792788941,1.4984732888501613,1008.6637905115444,9.072198946245711,77.44952879356198,22.3260437276289
2013-09-01,22.031236254171876,22.47792684794056,177.56642082864042,-55.906563878550216,-27.16771087196948,-93.10369540639077,16.87325173934827,-0.2227995902913102,1.4689091394038987,1007.2743649970917,9.583975593472525,74.64966936520388,71.08654705880166
2013-10-01,22.310057689534904,23.08617395551565,183.33330930574226,-45.16189042578205,-31.418687578916664,-105.14434532229859,18.030627309540513,-0.570080767563272,1.7636708298181833,1005.9296102302999,10.652304211540939,78.14951595373137,105.97070264291699
2013-11-01,23.48997293881709,24.144163751282075,188.25868670091324,-43.79853239927444,-25.774798548562405,-114.44449747142309,19.324401042208816,-0.6382102906864147,1.6042865656778431,1003.2971369193187,9.810785686448101,79.14376759046836,182.0757641906535
2013-12-01,24.99029038235027,25.678310154946445,194.6785599340641,-39.389893714539944,-28.00212371677337,-122.96194067798126,21.431923550273215,-0.3687378375805669,1.5977868977527532,1000.2311913553199,9.104737903225807,81.71312452820678,107.3653925464201
2014-01-01,28.152650698678286,29.923239779375628,272.4861846940685,-66.40982248594324,-57.2994679058235,-143.9425333882766,21.556964948190135,-0.752578763505245,1.7965432094932912,1003.0379119325951,9.806117345634895,69.93488561221051,35.515532314907794
2014-02-01,27.86663267590798,29.823344203943343,242.50189830269818,-69.6977353051486,-67.49052899068789,-103.10893146490908,20.493651946294065,-0.8792729751924955,1.7323989227477208,1002.6316778672059,9.358950120282286,67.31394549874248,59.56940614322102
2014-03-01,26.257825625071856,27.452201658751818,196.3608484384254,-51.700908727485725,-40.730608437369064,-105.27307880029237,21.140211589789807,-0.4132502552033947,1.4226765589002033,1003.6582009798457,8.319086021505376,75.41213946671846,101.77126616038656
2014-04-01,23.38647973263598,23.81849109187658,146.8330388499193,-43.67703017184245,-18.81223965255748,-90.87810387322475,20.078149973671724,-0.17488680824129962,1.534189527258549,1005.450053355381,8.284942129629629,82.65090413863487,192.21750397421303
2014-05-01,21.541431499110068,21.533279695801465,137.58715198392275,-51.06638943605128,-15.293852372104576,-74.50416257471282,18.053952382301148,-0.07684402573305461,1.2179646027402882,1006.685801405841,7.541917686041297,81.8732077598607,58.050266444227134
2014-06-01,21.191155436566834,20.862796680179557,121.32610267481373,-50.457448365998886,-9.159254000411407,-63.36157312616219,17.758450698441845,-0.19424130815526006,1.1758226735027228,1006.939349590202,7.271160589370565,82.01509921309568,56.71306047600272
2014-07-01,19.85996844418115,19.699537544984693,120.99088058128363,-51.42558898366528,-9.035872781392817,-65.26773390853357,16.178893898744622,-0.4373748651111313,1.1729243874194182,1011.5226333028004,7.1425779034092445,80.54125761177028,100.29076798526668
2014-08-01,20.425348662908227,20.086016871690823,151.40057159824352,-57.173269524783876,-15.091503459955016,-78.88279870475174,15.904119241173843,-0.2932678375841581,1.2409932351684687,1009.1723975168286,7.907381110477889,77.28169096368374,51.52426766081388
2014-09-01,22.43512027856272,23.169080446835398,192.155471183769,-61.87238558269765,-34.333087981855364,-91.61113862860788,17.01234686327927,-0.12237287159804457,1.855438118554427,1006.1900554973627,9.945011574074075,73.7305392261666,29.33346919138484
2014-10-01,23.756358481782637,25.548848984989437,221.90405314388974,-67.79923336085402,-68.00997437111339,-82.80288236032266,17.03129190015615,-0.4245586219107265,2.0774323030610646,1005.9650934082799,10.654576608376665,68.63687850754685,27.57431181713629
2014-11-01,24.561318809276266,25.836086336261616,195.85850733217407,-51.66605329344576,-50.81395500073134,-93.42835244067435,18.89555293731692,-0.5356091427823128,2.0022560851033218,1002.7044776677192,10.340381944444445,72.80115612725209,110.08226437025336
2014-12-01,26.754031868498185,28.148240248754874,242.21940542704183,-55.2748368088759,-50.14620105147557,-130.4085711887147,20.678101165975463,-0.0872556998226486,1.9807255076369432,1001.0531179797639,10.373387096774193,71.71238367496882,85.25144722332968
2015-01-01,29.052373280021193,31.219286388001315,255.4075529886512,-67.22191343175635,-73.759523256679,-111.34328627980548,21.26037728081873,-0.26979176135063454,1.9422658495298175,1002.1385220136707,10.1863455765434,65.80812196888063,77.36527260251998
2015-02-01,27.17216464581176,28.25687538546032,211.5600649549653,-50.062229253021265,-38.29679213229149,-123.05522035117458,22.146222603521586,-0.3985859021079815,1.6678501923733833,1001.74656344516,9.270208023774146,75.67578388465354,124.85543592071461
2015-03-01,25.553465211037164,26.252111752139164,161.67847276245206,-40.57205796914999,-27.48808874747779,-95.36825329212722,21.91228792330842,-0.4149117050536902,1.592555164250018,1002.8374399287255,8.688035045602085,81.27682221838101,155.38061777155096
2015-04-01,23.704294251913495,24.173313509315996,155.42748698483732,-45.453863419562474,-21.475266873209414,-93.08147523167483,19.611647920117537,-0.2851482739515337,1.354914917119245,1004.7721119972219,8.37832175925926,78.87722360794227,87.33486567140574
2015-05-01,21.802850530926968,21.873718426895117,129.00702206253592,-47.503037583709116,-14.173934268737613,-70.11503997741191,17.81320798684137,-0.6086934576892241,0.9161732410365337,1007.3756949475994,6.829541289434269,79.39024297064375,48.814656053421096
2015-06-01,21.301448330763204,20.870396055326346,116.13164659788049,-50.09492245880345,-9.309013657074853,-61.05870768875763,16.780789362471022,-0.2675602569526973,1.0025212981759086,1009.9018419804179,6.875277777777778,77.28188782534069,50.917765192893484
2015-07-01,21.56420912364673,21.481027148832585,118.20658208394326,-48.829231653086055,-13.352692511538738,-55.74960278838928,17.35147810972761,-0.2515900411615911,1.1860656294854377,1008.8276324361458,7.4242383512544805,78.7729947078128,42.52295155087708
2015-08-01,22.142070855292538,22.805554381405905,168.06583882735956,-70.18531567886345,-36.591335460350116,-60.81111693101019,16.17066938121782,-0.47048801071193574,1.3160900322218316,1016.1311910860701,8.235472670250896,71.7467653483688,21.67504029221543
2015-09-01,23.2829933989678,23.55469391862442,152.6336519622075,-44.58344975300998,-20.54629861439546,-85.35714771278387,19.2191067792709,-0.04341449302476579,1.670976156470861,1013.9891414678599,9.175347222222221,79.97739302262768,121.27582130073657
2015-10-01,24.65381297656011,25.854018456620565,192.73951544519068,-52.878453839339606,-47.75519203014164,-90.45868422203783,19.310153056084275,-0.5578167795913225,1.9189731243937653,1014.2661733750957,10.516253925527142,74.4238803615199,56.79494017290289
2015-11-01,25.092934277974283,25.866772445070087,164.44348358393873,-32.194100334091345,-29.054264782871755,-102.15047781291032,21.72154193798447,-0.3419877541991078,1.9441244868698628,1010.8492641396077,9.547800925925927,82.54238653915395,180.67493738639502
2015-12-01,26.847572216805297,27.671483019449713,213.20925540650336,-43.04996676233599,-31.486609208184053,-132.69797177645182,21.89988652551296,-0.40042478647358465,1.7895203475633457,1011.7362750004633,9.772782258064517,76.41583268976557,87.14311858832576
2016-01-01,25.87962622223958,26.532336761766928,183.75168821871193,-39.26557345481706,-25.21650253878593,-120.13343391382317,21.82587938307703,-0.26279689249112437,1.6578282076340587,1009.6691553220493,9.625374103942653,79.84320147859871,222.27875088355847
2016-02-01,27.696510217794955,28.54678033907421,225.6304892975652,-51.028669092801856,-32.06573638345201,-141.2795725487552,22.656510396413434,-0.21650037504337608,1.6761863004650206,1012.1993241507214,9.18853180296509,76.03712866604526,184.1414885177851
2016-03-01,26.305229230383578,27.022874487512464,186.4006492973933,-43.079490140356455,-23.710634647488067,-119.06437574356566,22.52080604849677,-0.37262121119888064,1.4819588096466498,1013.4027220059234,8.197815860215053,80.74703100622155,105.63545910535653
2016-04-01,26.15602561479398,26.915088138209153,179.97501853798116,-57.80931857327561,-28.227087771927252,-97.50104872915217,20.677670243849857,-0.11522516860618445,1.5256194844428546,1013.5805505340746,8.952476851851852,74.11750422321288,38.18939426119417
2016-05-01,21.77132594030587,21.840265586052176,117.81931382505813,-42.62105226905262,-14.477798092693419,-64.9121676103549,18.221472147796103,0.2565212855314294,1.3314941410018353,1017.6233604120558,8.444939516129033,81.23683176918226,69.12853360098835
2016-06-01,19.38558863409587,19.289887303381423,108.27460535934947,-45.4169693062674,-12.601408646922607,-55.66630161870861,15.897649448816889,0.4971480448314976,1.372221745374956,1020.7244787195386,8.30687037037037,81.22576030567016,57.27580455236274
2016-07-01,20.474087208424457,20.41605204908336,127.94037579909114,-56.61539060705747,-18.905109196966354,-54.22641000177999,15.378472845697802,0.397042982186025,1.2094965605248325,1019.3174686379929,8.046854198668715,74.6540686711167,15.337021898561355
2016-08-01,21.35629588817092,21.818361566584294,162.29856565781824,-62.895871907108166,-31.820581522507567,-65.77812463892239,15.80947456541216,0.24032656365811506,1.3466031780458876,1017.8825341823899,9.568805683563749,73.19992079544389,40.4976969886768
2016-09-01,22.3161212128887,23.469769369809157,166.6501364367127,-51.271516795586756,-48.44485755669758,-67.59488140556961,17.05854215659931,0.16199709239307328,1.7674181892106264,1017.5470682037414,9.943258928571428,73.9521526593356,51.923963931091265
2016-10-01,22.918113829187522,23.7902836474502,172.62710457819742,-40.16273092527442,-35.94946971123057,-94.68945339052007,18.563392074390347,-0.5499519957347468,1.989590078448542,1014.7427254374159,10.895681920143563,77.74813709553243,100.27937579804629
2016-11-01,23.434891694843866,24.221271733382643,186.80518677638588,-43.0691413864291,-30.98124876858481,-111.07949627864029,19.407633876178267,0.1575588520301961,1.9141240142979912,1013.0259408068783,10.437662698412698,79.55568654129365,184.40576376196
2016-12-01,26.26519709477324,27.337987220398738,230.17573619741455,-49.26814897410205,-40.42171125302464,-133.02016684792446,21.243418985158,-0.36969031151921655,1.8818486746623166,1011.6794287634409,9.68871351766513,75.6392496152726,93.68918894187536
2017-01-01,28.099407034150474,29.471225720268958,237.3873223919379,-50.81452019381964,-46.222059331313424,-138.744155993511,22.673871038833,-0.1566614390120987,1.6691554926243934,1011.437011968766,9.325231374807988,74.19358123464261,113.82273120382385
2017-02-01,27.55775399571816,29.174966605786793,228.659140844363,-58.97430730878789,-57.958391066330854,-109.63153750973554,21.417672648955254,-0.8453266600750571,1.5481286980053983,1012.4342878369773,9.352269864855304,71.33461718061206,63.00644758252938
2017-03-01,25.45784704593108,26.26558154679304,183.33223897800426,-46.085472072619545,-33.587404955332424,-108.22528994327894,21.17157295666169,0.24419114456453214,1.531928897395927,1013.732448796723,8.669156426011265,78.76275596992188,217.78341216252625
2017-04-01,23.427203974618312,23.79461891875229,146.84635061256046,-39.77790739525075,-18.203850690126362,-91.62115228229838,20.003944542768174,0.002578766190775546,1.2353276769505024,1015.8332685185185,7.926785383597884,81.96290237241179,102.67480405417542
2017-05-01,21.555695493461492,21.634834505037077,125.02715358252216,-46.2262552909488,-12.813361817074043,-68.59351338180011,18.264228076292184,-0.05848116624400456,1.2294372387232593,1016.8668884408602,7.397252304147465,82.54558788217541,71.90079360308206
2017-06-01,21.175344590063588,21.0844255497642,124.49058054467035,-51.79784243254509,-14.330613780109964,-61.96346161137109,17.619906008089092,0.04014456305367439,1.0337522878611436,1019.2201815476191,6.729659391534391,81.6434485544484,56.097793243882364
2017-07-01,19.506830082666816,19.631209079947666,135.3584760207038,-60.50415223338864,-17.00191358389776,-60.649644507492845,15.506908403822253,-0.5640277325657223,1.1341026532653768,1024.8296521377367,7.4154141065028165,79.26788560156466,22.086297073242438
2017-08-01,20.208272686330837,20.454817963998185,144.8264302645302,-56.35160573093301,-23.645523435989826,-65.19213516949179,15.382591804217832,0.05544914462802817,1.14582517930599,1019.1762323988735,8.091465053763441,75.8840370069114,52.863396480020896
2017-09-01,22.97360610741307,24.71061319773857,215.6124888430351,-83.4524710354997,-64.30473847857009,-63.87494110506139,15.914209000120817,-0.6367933239775823,1.525804199464582,1019.1131140873016,8.548531084656085,67.63517888217855,9.039547985682495
2017-10-01,24.705408085157337,26.21798804366977,200.0376464658185,-56.96510060763804,-59.88620838415966,-80.08959897576348,18.871645266720705,0.17832918280761612,1.5613138732194833,1013.820584182529,9.557478049093124,72.54122906380437,69.1289839700256
2017-11-01,23.984648494698295,25.04768592913952,186.7859072482354,-49.28115686533793,-48.37971863489834,-89.28716250602835,18.43044645712236,-0.09271270874524609,1.6290820103887478,1012.3482119708995,9.72169246031746,73.43880311996291,127.05669949720942
2017-12-01,25.26331684796759,26.33313228317207,197.21234182439488,-42.485788564568985,-36.818752985296776,-114.43912027253063,21.332966431346758,-0.287012176069505,1.7693272631580557,1011.2440879416283,8.977326868919612,80.22874646485647,130.76656688338923
2018-01-01,26.505771893727207,27.349575865928646,199.79856687073325,-41.84569808259863,-29.647383918975077,-127.08209118798716,22.403404704585185,-0.0758030081291165,1.5062923590739457,1011.4913045634921,8.646502176139274,79.5636881459114,213.93456982061537
2018-02-01,25.332340878291088,25.929516403320036,183.95654457604593,-39.431269852607876,-24.891980585163967,-118.83130628120041,21.79090583201029,-0.0028871778927017336,1.5454962379233357,1011.8401669850704,8.77962729073799,81.63904725203516,147.11672948318446
2018-03-01,26.026808960971053,26.617088210193824,187.28394243826423,-43.37304787159851,-22.346463183076274,-120.87685822109309,22.597848895729737,-0.5431795987712402,1.6093622359130544,1011.4366325844854,8.620368663594471,82.37683790911736,195.6078540849501
2018-04-01,23.849600154340926,24.357866180304,166.96989391269304,-49.939568410980115,-19.475159055334736,-100.56820394719799,20.27555905227725,-0.48427686650084706,1.4741779288372607,1016.5393646208631,8.020441906185164,81.56499198766399,97.16173248990441
2018-05-01,21.723865776142407,21.789752191895772,136.28867403508136,-49.785332236715355,-14.210630137394338,-77.07316680695872,18.413013119830264,-0.08108181390428319,1.2897503217387967,1018.0492189900153,8.16001952124936,82.6490758540783,72.79283575492452
2018-06-01,21.320939323350864,20.925772136818246,112.61571178217802,-47.635544285137335,-7.413046721695166,-59.44134345097367,17.90711173420821,-0.028749641884570666,1.024721154101246,1018.5268118386243,7.562226355820106,82.24282364094543,42.79045058338401
2018-07-01,21.392892749481184,21.03426210600798,138.4839267884138,-58.43433607971026,-14.956800173017372,-66.53968293621651,17.456774618542,0.06315565109788898,1.2023064417188922,1018.696570500512,8.147109735023042,80.12125335386477,44.454680599502694
2018-08-01,20.284422808593614,20.386868018793557,128.32781880940493,-44.35604000054879,-13.590700459317791,-71.72635710057185,16.947997503144837,0.011562173242499899,1.303169806885027,1019.6769876472094,8.487644969278033,82.40216323401286,99.76312881920703
2018-09-01,22.28761149773114,23.03075695490481,172.95833819613304,-49.67195526168879,-30.883582761391402,-89.09783622692584,18.181566578704313,-0.24406460249519943,1.7223001283140889,1015.216582175926,10.480499503968254,79.02039180604095,48.31934602641801
2018-10-01,23.171127964473076,23.60986392917985,148.82436407499642,-33.886052823151566,-20.550380855034973,-94.4619706463186,19.59571729438881,-0.32463173503723264,1.7533052858373923,1013.853060515873,10.15586677547363,81.42099510175701,126.59776755657316
2018-11-01,24.02239997019978,24.64170682935613,180.66299297216997,-37.99454754981558,-24.39722375750695,-114.79844891567323,20.200318161709706,-0.5159737434332415,1.6349166352278173,1013.7985161268958,9.956978939002584,80.40369445663394,130.02344758252937
2018-12-01,25.989537447964587,27.042908908820372,229.58934318984643,-51.482725482427895,-39.158174739643236,-135.45554523638924,21.06429901569669,-0.417291912995054,1.963357293917782,1012.370734767025,9.787696652585765,75.9819246081658,94.37062177464556
2019-01-01,28.89236473338633,30.60442134672968,262.38510922116103,-60.729968680199,-55.664398210193745,-139.83867313870664,22.735513675797325,-0.6774841299568265,1.806856529305712,1012.7937744815669,9.621669546850999,71.70699910832754,74.02427331505407
2019-02-01,27.122079213631263,27.899445956520037,189.48019721418336,-44.047219430199476,-30.953399024975045,-115.6237689380528,22.378101125527674,-0.2526627953233457,1.6989969662750302,1011.3699637373524,9.052117384843982,76.9665879238644,147.69897904005015
2019-03-01,26.037009923610444,26.736993972176613,181.88637591778615,-42.479196079746465,-24.527951293830224,-117.31137885540309,22.343412603837223,-0.24188902685558658,1.3980945010128811,1013.8238816884281,8.35209725422427,81.12448391649002,181.52589308521965
2019-04-01,25.2494337232676,25.746382684373025,170.56485081170854,-46.75330188913032,-20.47311439820582,-103.8884699508802,21.5444821480287,-0.11096456503307271,1.4003102885420728,1013.3500689484127,8.461104993386243,81.13287348827916,99.07456552194954
2019-05-01,23.681916969768928,23.716704934503138,133.19745613518558,-46.212570190476995,-13.695067841160812,-76.29388948660507,20.200524404098246,-0.17699530822321957,1.2291669592250403,1014.9260011840757,7.230644681259601,82.11328621572582,66.19860387917882
2019-06-01,22.223312244933716,22.08898420753696,132.2770732470803,-56.77537954586113,-14.592490043689978,-63.509288823790015,18.026011542933247,-0.3051458160028713,1.019421555602143,1019.5585810185186,6.6879027777777775,78.75552345277538,26.367470622318343
2019-07-01,20.43904258698553,20.238596276983223,135.31954722566766,-62.305231363612435,-15.69173857971706,-61.187675454405806,15.546883104428078,-0.025373087369262286,1.1047694961525025,1019.534541890681,8.169557091653866,75.6352275382638,41.01253846733532
2019-08-01,20.48506936564243,20.488594963997482,136.2664727247066,-51.37623567955417,-18.060953816356946,-68.45127691154337,15.883352518642628,-0.4682389625795168,1.3238395878848244,1021.6751972926268,8.525327700972863,76.86583502817645,64.70943677223633
2019-09-01,22.437642664010575,23.01440003442207,155.91596211279222,-45.461507547266336,-28.951217835736305,-81.51173922548087,18.225213845872904,-0.4088903866656607,1.6301642254605897,1017.2280663029101,9.211048776455026,78.99361998817311,93.39929535846836
2019-10-01,24.20029809791555,25.306119757493406,201.40893306421717,-50.46219939026144,-39.461637365989006,-105.0234650070616,19.672198264001132,-0.3497506553194098,1.6385066098867875,1014.3476350486432,9.107882744495647,77.49006544093257,72.97971073033067
2019-11-01,23.821702937944913,24.55829108516664,169.05095953147526,-35.94169616262759,-30.96951152979079,-104.21227961425257,19.810575633912194,-0.3566412898691218,1.7035236842937753,1012.9711494708995,9.614407572751324,79.50151110884353,127.36102362506608
2019-12-01,25.171680433553437,26.152497824095953,206.31817727764377,-45.050073345552434,-33.00622544247408,-123.99583157661795,21.312045092281128,-0.4788731766664576,1.6808267496172242,1012.2292181899642,9.391449532770098,80.51443299930523,142.91215402005955
2020-01-01,26.195224130357488,27.010583857327926,198.31700190060894,-40.396743808994195,-28.32819874995493,-126.99586310829703,22.136018942786972,0.03379518668053755,1.5779378139192428,1010.5161603942653,9.0987208781362,79.5635064726128,178.6643760936175
2020-02-01,25.549605041791214,25.964877465785822,163.53767761432016,-32.70846254245681,-17.5720575221983,-116.04437647728702,22.26641207771134,0.016911161368642635,1.3026067173276352,1012.5819013409962,8.620258620689656,83.11035581050095,232.84955873234708
2020-03-01,24.04485060465155,24.666558069118953,180.05388969814388,-45.03604151482266,-23.75773707113637,-111.39089480783883,20.568310047178706,-0.4404462795538298,1.5133043874256276,1014.5897782258064,9.040483870967742,81.88979887773479,139.98813512235282
2020-04-01,22.680423881864854,22.929507588944873,151.20281423917916,-45.54856368882203,-17.910633320970447,-90.91027234692166,18.865580054098366,0.09859322584320883,1.0450283356329508,1016.3853495370371,8.069668981481481,80.24225637050921,49.52471824419788
2020-05-01,20.93136980659423,20.651614478698328,140.99645128266744,-56.375343870057925,-12.685123421148129,-76.29584426391521,16.77935958755656,0.30829844728227196,0.9025548081976277,1017.4261715949821,7.773772401433692,78.53418503149635,79.20726401105365
2020-06-01,21.873672185160316,21.362779790455694,125.35940845115888,-53.58380266027707,-9.9647195117645,-62.475179375194415,17.467966087224895,-0.5041737579725832,1.0320586962588059,1018.1455532407407,7.6007847222222225,77.89526986641668,25.393171475102125
2020-07-01,20.97106574285328,20.73038767631819,125.86574468940111,-55.49344971978772,-13.557088702305766,-58.32681922823237,16.24521727467184,-0.3396051332113301,1.221461172270212,1018.6028068996416,8.410860215053763,76.53680191965171,42.568596365311606
2020-08-01,20.825431971651728,21.149753128864983,155.73435791178875,-60.42840673588715,-25.712336434636686,-68.80698100133829,15.93641038021647,-0.3402623668697877,1.2732736167351102,1019.8166801075268,8.87288082437276,75.9199770397931,50.76653217005485
2020-09-01,24.0442521181653,24.910386799610244,193.11448897016402,-59.21714717077525,-38.19245400235213,-91.04751493234336,19.0734380291982,-0.5816737364998893,1.6447400901251945,1016.3798703703703,9.761296296296296,76.60769277726591,79.7760689226161
2020-10-01,24.10793183125888,25.224818269002483,197.39614601681404,-50.09198721094541,-48.23416962081227,-98.8794130370587,19.155655300762568,-0.8945200699823171,1.590820802083312,1013.6864919354839,10.640546594982078,75.51971869400728,76.575013817013
2020-11-01,23.539558628886105,24.562852929641792,198.67064168653974,-43.992405065634266,-36.48280285632956,-114.83892922241263,19.402498294282882,-0.4431545268963617,1.667344566054925,1013.9727314814814,9.188743055555555,78.88348681692595,109.45844572290237
2020-12-01,26.0175342865194,27.017235767267636,191.28790125903325,-40.22794609617728,-32.19063336594491,-116.2276765416842,21.996092598644665,-0.03371373304972546,1.493827382373125,1011.5529301075269,8.687235663082438,79.9657365961877,140.2466237096317
2021-01-01,27.388030391182408,28.694431766132404,245.89133202003129,-56.908791351663176,-43.927076656616315,-140.930736224089,21.158393681014708,-1.3149887407585543,1.3256959068833503,1011.8223700716845,9.629937275985663,71.444861251969,101.46168164807187
2021-02-01,25.912178641464617,27.04824656096839,199.18890626368574,-48.097082407613506,-37.70454235054068,-115.23114647648053,21.37327442290322,-0.5408220969516966,1.3991474833307715,1011.262890625,8.151748511904762,77.58955232647851,88.34
2021-03-01,26.62445958754538,27.741151866240646,206.59060610107477,-55.08236816145968,-41.40750640709519,-108.07716218255027,21.30949233978155,-0.31237459829989833,1.4479904211027597,1012.3577788978495,8.612735215053764,74.70672701037532,71.56
2021-04-01,22.83677651532588,23.33991153567678,162.7775959969364,-52.824805201438565,-28.677107077601708,-87.18550647399711,18.217640869784574,0.47136208907290267,1.2979879868598332,1015.9936805555556,10.259201388888888,77.0147952390239,98.96000000000001
2021-05-01,21.696212026341364,21.780599106561006,136.56475828238078,-51.17296372983847,-19.0281608562908,-68.48135503151344,17.70656309509414,-0.13242353072621985,1.2490203342543658,1017.1245463709678,8.142069892473119,79.57972424348208,65.9
2021-06-01,20.501186564063307,20.371564844182007,115.46983979685155,-50.604416530920126,-13.174033643538255,-57.53962926369419,16.596657852924743,0.2705542723520497,1.2336557520425258,1018.8744791666667,9.0559375,79.6810012841749,39.1
2021-07-01,19.04268863075346,19.11315020455154,133.72595920183903,-63.29944155621472,-24.11402567670501,-49.880672126402224,14.051676782933205,0.25690895026227123,1.2765526503973774,1021.5149697580645,9.381938844086022,75.21338417607303,20.76
2021-08-01,20.965651314617546,21.26339157449128,153.489926133817,-59.80840686109859,-29.123463446734597,-61.62935858300797,15.683327010487874,-1.185752434740414,1.398279071166679,1020.2410954301075,10.419842069892473,74.72484725303711,71.48
2021-09-01,23.101165639889576,24.321222330686645,186.38605098457472,-55.38325067033476,-51.25784477035952,-76.20335673526702,17.950079530290186,-0.9089304622560616,1.7087704340794034,1016.53984375,10.891770833333334,74.81373542500744,25.400000000000002
2021-10-01,21.97660366108626,22.564561158257604,140.00679710039935,-31.998226661345626,-24.76822557376385,-84.92481292541922,18.318166282052033,-1.5501462252404374,1.5493083351787038,1015.7255880376345,11.127721774193548,80.73436794295338,165.24
2021-11-01,22.362310364373606,23.158861925145978,200.69433872315028,-47.75967941210373,-34.559844244119816,-114.88842118883004,18.151786334924168,-0.6744401674801284,1.610710721543174,1012.9264583333334,9.761076388888888,78.37521982887836,158.9
2021-12-01,24.091490911926847,24.861637800437904,202.15638469037683,-43.824530084039566,-29.590189027914025,-128.09911355202766,20.254549732583882,-0.2650759383549208,1.6590868011628215,1011.5614919354839,9.668094758064516,80.09798059870516,284.2
2022-01-01,25.928907263685822,26.589271635786968,190.64827339404513,-42.136478588447424,-22.329934779710324,-122.24784835200818,21.890439157178992,-0.8119901089328394,1.3750008046558182,1011.2274193548387,8.8283938172043,79.8824948133861,188.46
2022-02-01,25.282457239955672,26.018469662319188,193.24463419221811,-41.58351166268181,-26.214814251348596,-124.4566286952294,21.764547202793327,-0.4060038275203863,1.20346978198888,1012.3212983630953,8.335453869047619,81.84204608043451,184.04
2022-03-01,26.88812843928801,27.881193631688753,219.98701065687158,-59.0685930041688,-34.41726034861308,-124.99376020592892,20.85942110502865,-0.9555707165923719,1.4830153652549531,1012.6548051075268,9.437617607526882,71.84122441763668,49.88
2022-04-01,23.682619414720467,24.00107310715948,160.7236306180146,-46.33348265847476,-17.473339442640714,-100.15172203443679,20.01747812041663,0.014874123429811956,1.4974595642431643,1014.8625694444445,9.599947916666666,81.12159060340926,234.4
2022-05-01,21.257451320154424,21.170790121979092,146.43057743925164,-57.04428356501782,-14.161107055340986,-80.14623063381809,16.88050155469775,0.43879555873373804,1.1073996572106108,1016.7647222222222,9.191953405017921,77.67016703967845,47.70857142857143
2022-06-01,19.934494543942694,19.52067291470999,109.8904279558185,-49.27774462093838,-10.749564600215427,-54.42254411545851,15.85658732006913,0.16912490211787704,1.3760655527507453,1018.009154265873,9.234900793650795,78.82482588334408,67.57142857142857
2022-07-01,21.27430588282752,21.297860451206343,148.9613941448006,-68.64324961523869,-22.57189724709487,-57.69001845617857,15.865842692581191,-0.9028541655973077,1.0747709275466508,1018.8872983870967,8.934744623655915,74.24499461770232,14.414285714285715
2022-08-01,20.188000200365053,20.456777946871902,138.8784973667357,-54.22545964277945,-20.894170947371737,-66.18968843499182,15.275912836579895,-0.44141634251447665,1.4572948091376856,1019.5979166666667,10.872698252688172,75.33563127020501,55.15714285714286
2022-09-01,20.40651413534373,20.838785142153732,153.68886978757106,-49.273359812690366,-28.813384225526043,-75.03565570814139,15.51350897257161,-0.22890699599671102,1.6619895976840067,1017.9416840277778,10.651684027777778,75.59887936249433,111.72857142857143
2022-10-01,23.687415986174738,24.59695161424244,191.22835128234033,-45.88888036233824,-34.30786250162656,-103.84878817599555,19.50275932690416,-0.7158685990457184,1.5525731654841153,1014.6512264784947,9.746538978494623,78.83251785418231,64.18571428571428
2022-11-01,22.623663827801344,23.433918180480827,185.7731799633446,-44.28392417506858,-33.859760093135236,-108.77968302214053,18.425512728865876,-0.17235546869220356,1.7985174675767697,1014.3785069444444,10.34357638888889,78.32094925736766,135.31428571428572
2022-12-01,24.20102396977505,24.712167057572213,171.03199352232176,-38.01145001585661,-24.770740894785543,-106.99291231969849,20.459286076064444,-0.9297317851350171,1.5087641711200765,1011.4885632680491,10.487463997695853,80.62700426185529,139.93333333333334
2023-01-01,25.43129782549145,26.13938360191982,205.16165705893093,-43.07630154883436,-25.95186753342063,-131.90035218772223,21.81157255751829,-0.4240433254659359,1.661529464853058,1011.8724846390169,10.345698924731183,81.52719582950421,204.41666666666666
2023-02-01,27.067251950332025,27.83931601284291,215.13393458477373,-44.3813889950909,-26.42745878262803,-141.33104354166932,22.748081078111948,-0.3410956871130444,1.7712832909722276,1012.1276360544217,10.34593962585034,78.6867625618876,184.68333333333334
2023-03-01,26.544480332211727,27.486614819287578,202.72482351813133,-51.58837300213847,-33.03687892636648,-117.32907889855285,21.517110249625823,-0.9836341177669697,1.7991958806201873,1013.9353878648234,10.97188940092166,75.69358537667723,51.63333333333333
2023-04-01,23.461549174103386,23.860325425112197,155.77935574387618,-47.59768035720975,-21.052262011676046,-91.9534427785002,19.43404960055303,-0.17123746038736,1.6961389723831632,1014.5352182539683,11.058035714285714,79.37226364155032,89.48333333333333
2023-05-01,21.420272617636787,21.659270027374,137.8316300634562,-54.02110206238508,-16.766666862405362,-71.28728570771295,17.76131325553028,-0.41963020936809475,1.4557287027413413,1018.0040130568357,11.101152073732719,81.06116947701148,64.65
2023-06-01,20.78569284203994,20.24953194241507,136.78573634042453,-63.38021264657816,-16.509553244183895,-59.43039020873151,16.255221094865167,0.016105301103813512,1.4829886704657969,1019.5356150793651,10.086964285714286,77.39220354100502,17.333333333333332
2023-07-01,20.3664027214949,20.368528731237674,126.50714696495898,-55.53459176137399,-18.9528534759136,-53.76495864592883,15.708529809454959,-0.6257605580991,1.5309638820149862,1020.1739247311828,12.023233486943164,76.68920761326676,36.166666666666664
2023-08-01,21.66147597532819,21.790596698927175,140.74361689059728,-53.668294158890475,-22.0900297422119,-65.02016250357684,17.066405964092212,-0.95477319521592,1.9351595429851813,1017.3014784946237,12.566820276497696,77.77496427037664,103.83333333333333
2023-09-01,23.939133507501932,24.65774194879956,197.4617899344697,-61.00607171653201,-36.453292384759884,-96.28841502067797,18.58978907924507,-1.3021160180964646,2.0037904688186026,1015.3961706349206,13.356329365079365,74.33423792375723,15.766666666666666
2023-10-01,24.06242281772062,24.675356463193207,158.95566960351624,-33.94434043089964,-24.959773881440903,-96.48346781858795,20.54666438595472,-0.9787884788343516,2.031236478900257,1013.1686059907834,12.590284178187405,81.74823460327285,65.8
2023-11-01,26.278624305209593,27.374762689199187,214.64565724952644,-49.90858959626185,-42.699818602194284,-119.58153170702174,20.597501666852693,-0.5287143788137749,2.203087298708601,1011.8527777777778,13.076428571428572,73.12233826533807,62.61666666666667
2023-12-01,26.49641192999645,27.763622130555177,226.87529493331795,-50.670873375825835,-47.23410047185195,-127.22108765695207,21.206894679295335,-0.8751227929512444,2.054413009202125,1012.1361175115208,12.112538402457757,74.36411150434981,80.68333333333334
2024-01-01,26.571787997033,27.445169885079306,193.90841248663813,-39.35045047516381,-33.96674656895387,-118.71361093437288,22.27449092097502,0.006150107312819682,2.0149607947478603,1011.3137864823349,11.370410906298003,78.78175422591009,176.7
2024-02-01,26.897394876235786,27.709118155580565,209.11987411466407,-44.49256592219746,-34.29718811295051,-128.22834206930935,22.603539966390343,-0.06715378876525509,1.7079992314422594,1013.0560550082101,11.06543513957307,78.61959334545725,107.58333333333333
2024-03-01,26.080726626931234,26.65840505381745,168.930784718265,-40.36892407585451,-23.18007073240928,-108.01399657985016,22.22613431503686,-0.16685372546475774,1.9577624918340226,1013.3393433179723,11.8161866359447,80.83087220237772,172.21666666666667
2024-04-01,24.69212655653935,25.194820930418604,173.66592775900813,-53.642355214439775,-24.543244493145394,-95.72340447764701,20.414339583388504,-0.9982896141431704,1.7233426497673736,1014.8571428571429,10.596230158730158,78.53742484491457,7.466666666666667
2024-05-01,24.529029801295934,24.946790009417324,143.65714183487344,-56.899718705925466,-24.573488536276464,-66.52043873513325,19.14051895865495,0.22543755432721946,1.6417675554463917,1015.7044546850998,10.872081413210445,74.56596756743163,28.150000000000002
2024-06-01,22.43390294368966,22.004473017348204,139.1889673872502,-68.09524350807156,-18.701796462692833,-54.13120761392435,16.781345246954764,-0.41134486181457536,1.578936840696248,1018.0133928571429,10.200992063492064,73.32874945968973,23.383333333333333
2024-07-01,21.01282161385301,20.99835681368585,124.65685638404392,-53.39792994190255,-23.164701277816537,-51.003985845235384,16.91907165994909,0.5670245924562386,1.5971413530528318,1020.9770353302612,10.349731182795699,79.47856443251204,36.38333333333333
2024-08-01,21.211348519431795,21.4733266056613,176.37811605928022,-74.80932209488002,-29.60106110869475,-72.96464966600622,15.462166133995133,-0.14984574101423295,1.6132868169436685,1019.2920410906298,12.210916538658473,72.74730839652963,64.63556480355012
2024-09-01,24.510974082989723,25.936243854467023,207.928394885802,-72.1874251839958,-60.607839786083865,-70.56822226732949,17.727680999704507,-0.9214364296407125,1.8703729861619978,1016.1809976851852,12.015949074074074,69.10089240797292,12.292879911246931
2024-10-01,23.596498446686372,24.667006657109873,185.91508596156612,-48.61307216831221,-47.47639707412084,-89.90671147951328,18.554328416712586,-1.0149131221089798,1.9905119098153587,1015.0269937275986,12.42945788530466,75.38116034629707,112.8
2024-11-01,24.160185981679554,24.965551729742756,190.29957696554442,-44.82866611179706,-33.790416358703595,-109.21710500711848,19.709400808627322,-0.9478887616387679,1.748646892137866,1012.9339583333333,11.208125,77.84434593780294,110.86
2024-12-01,25.51138717792632,26.370859823540485,193.94380558005062,-40.386099644555465,-31.51411393608751,-120.62393373289464,21.66904498994908,-0.4249988228930654,1.7301882263042365,1011.2253942652329,10.236487455197132,80.57059854584483,206.70924984070626
2025-01-01,26.552348686642834,27.532755779381386,203.8168317307712,-45.05417294582405,-35.30921696391455,-121.2193388774862,21.766371231241607,-0.37916234750824035,1.7341467553172336,1010.769623655914,9.724417562724014,76.55000120039006,111.62
2025-02-01,28.43362124089074,30.336649457890303,253.39578304563736,-71.33121109050732,-64.23377977695388,-113.53314978245362,21.028148085414756,-1.3482108193678708,1.816259369348388,1012.6834077380952,10.967733134920636,67.18866570951073,20.36
2025-03-01,26.494287253485286,28.36846189174445,201.30001446323473,-57.69388622648522,-65.51179707103745,-78.77013772127764,21.109572664599458,-0.9142986321457482,1.7280596308116851,1014.8615232974911,10.315058243727599,74.12939179129812,56.3355483448822
2025-04-01,23.661725476431304,24.159602398832877,143.68178023894183,-42.72246865557468,-21.03726914683241,-85.63941656754068,20.033697672825372,-0.1093108959655232,1.5457969754328378,1014.3995833333333,9.650092592592593,81.2048132301952,147.17333333333335
2025-05-01,21.84732848727475,21.878510715403763,144.9778625757922,-58.4256010019039,-16.67864955428673,-73.70607619303694,17.482262791249028,-0.7569251916271131,1.4250385703285764,1019.1786962365592,9.469959677419356,77.79817941705274,18.580000000000002
2025-06-01,20.798996656153918,20.59261570517509,129.2888181568852,-58.91481689934073,-17.35525488758119,-55.94373719068499,16.19927886803787,0.0514206154440017,1.3983793207317285,1018.8856712962963,9.742986111111112,76.7523412084812,23.44
2025-07-01,19.090725663020088,19.214424845972925,128.19075971850725,-58.13983444920626,-23.341600623119124,-51.428677678071466,14.873746605249316,0.32927863416822256,1.4960683587965364,1022.1929659498207,10.511267921146953,78.38152288596442,40.01
2025-08-01,20.431127775958366,21.286405635342323,158.07827141235094,-64.22842729095902,-44.11985211512232,-47.27411077464331,15.329925037694961,-0.49637394570394083,1.7174030154816158,1020.2717517921147,11.84018817204301,74.8589841772434,16.096666666666668
2025-09-01,21.824953898180507,22.998733974199855,180.39499717118156,-62.63850664529283,-55.86855500495403,-61.48118242153161,15.715444852868934,-1.4782442731172585,1.7550459610101556,1019.3479629629629,13.084212962962964,70.89266798841494,23.333333333333332
2025-10-01,22.55493918667561,23.78598102612971,192.73119960902622,-54.401870446212214,-54.92575207970426,-82.15008830528993,17.19450574217581,-1.0351966161768809,1.883379019276049,1017.3995967741936,12.52320788530466,73.89429489375027,107.36
2025-11-01,23.388893403538024,24.715353998260344,220.38253969436389,-56.37347202557477,-55.86866176712788,-105.08147518928784,18.228863898157204,-0.06329882836639805,2.061590982288638,1013.1877546296296,12.139537037037037,74.6412016913434,96.36
2025-12-01,26.73655773063432,28.357969553020702,234.88743450726426,-58.9774699002162,-60.243688707683404,-108.96111956509677,20.567459863908283,-0.7952813530959117,1.8631559807349467,1010.1769937275985,11.46592741935484,71.47697807788987,88.05666666666667
2026-01-01,26.156120450038255,27.449910601547888,191.6146472889478,-50.02276632166639,-46.411598478354286,-96.3664723324838,20.655813580296456,-0.7672237462903314,1.6694940749910323,1012.3318772401434,10.591644265232976,74.156358704066065,169.99666666666667
2026-02-01,26.199020634550955,26.80010441796669,183.67540352764408,-39.29984833814754,-21.471956367961095,-123.36863695919867,22.562097432538067,0.2634832723287146,1.3556277498613738,1010.4775198412699,9.020982142857143,81.4945456288694,237.71143519644988
2026-03-01,24.54658110508721,25.201201322180207,186.86326446018506,-48.65780792934482,-26.12071703086521,-111.79164417282426,20.91722671558974,-0.7625695894513471,1.5650345028762653,1012.4678449820789,10.008176523297491,81.46218075819587,124.86666666666666
2026-04-01,24.942431955032678,25.890071037836375,179.997996148754,-54.54746355572768,-33.95789066957748,-91.00363088324012,20.04591535151181,-0.09139308398251657,1.1670754176959115,1014.2604166666666,7.118333333333333,76.1253011728613,30.333333333333332
2026-05-01,22.695016926790164,23.20956488573091,120.10164677642133,-44.05608552968583,-24.500809267888375,-56.93449399614675,18.522669290488622,0.17254906498877964,1.1456471015260294,1017.9189964157706,7.897311827956989,78.71761906398058,65.55
2026-06-01,20.165394180720313,20.448089871684807,86.03379067357747,-32.347465524226436,-14.597988310458712,-46.740061561876175,17.658286488927896,1.4059522724373286,0.923251709898862,1020.3777777777777,7.520370370370371,86.17867687699015,9.083333333333334
